{"cameraMode":{"drawMode":0,"name":"Shaded","section":"Shading Mode"},"sceneLighting":true,"audioPlay":false,"sceneViewState":{"m_AlwaysRefresh":false,"showFog":true,"showSkybox":true,"showFlares":true,"showImageEffects":true,"showParticleSystems":true,"showVisualEffectGraphs":true,"m_FxEnabled":true},"in2DMode":false,"pivot":{"x":7.986362457275391,"y":-6.948207378387451,"z":3.8930327892303469},"rotation":{"x":-0.10902741551399231,"y":0.8897461891174316,"z":-0.28757336735725405,"w":-0.33734366297721865},"size":29.622434616088868,"orthographic":false}