{"cameraMode":{"drawMode":0,"name":"Shaded","section":"Shading Mode"},"sceneLighting":true,"audioPlay":false,"sceneViewState":{"m_AlwaysRefresh":false,"showFog":true,"showSkybox":true,"showFlares":true,"showImageEffects":true,"showParticleSystems":true,"showVisualEffectGraphs":true,"m_FxEnabled":true},"in2DMode":false,"pivot":{"x":21.299999237060548,"y":1.9200000762939454,"z":33.02000045776367},"rotation":{"x":0.07841428369283676,"y":-0.6483272910118103,"z":0.06730956584215164,"w":0.7545258402824402},"size":4.733653545379639,"orthographic":false}