{"cameraMode":{"drawMode":0,"name":"Shaded","section":"Shading Mode"},"sceneLighting":true,"audioPlay":false,"sceneViewState":{"m_AlwaysRefresh":false,"showFog":true,"showSkybox":true,"showFlares":true,"showImageEffects":true,"showParticleSystems":true,"showVisualEffectGraphs":true,"m_FxEnabled":true},"in2DMode":false,"pivot":{"x":2.170578718185425,"y":0.4076179563999176,"z":-0.9837095737457275},"rotation":{"x":0.016821129247546197,"y":0.9830482006072998,"z":-0.1371399462223053,"w":0.1206318736076355},"size":4.894346237182617,"orthographic":false}